{"cameraMode":{"drawMode":0,"name":"Shaded","section":"Shading Mode"},"sceneLighting":true,"audioPlay":false,"sceneViewState":{"m_AlwaysRefresh":false,"showFog":true,"showSkybox":true,"showFlares":true,"showImageEffects":true,"showParticleSystems":true,"showVisualEffectGraphs":true,"m_FxEnabled":true},"in2DMode":false,"pivot":{"x":2.6613452434539797,"y":5.567089080810547,"z":-5.984767436981201},"rotation":{"x":0.17690140008926392,"y":0.16040851175785066,"z":-0.029350394383072854,"w":0.9705395102500916},"size":8.167525291442871,"orthographic":false}